{"cameraMode":{"drawMode":0,"name":"Shaded","section":"Shading Mode"},"sceneLighting":false,"audioPlay":false,"sceneViewState":{"showFog":true,"showMaterialUpdate":false,"showSkybox":false,"showFlares":true,"showImageEffects":true,"showParticleSystems":true},"in2DMode":false,"pivot":{"x":0.7129623889923096,"y":-0.24174922704696656,"z":2.7178215980529787},"rotation":{"x":-0.13327498733997346,"y":-0.7527726888656616,"z":0.16068896651268006,"w":-0.62432861328125},"size":1.7869677543640137,"orthographic":false}