{"cameraMode":{"drawMode":0,"name":"Shaded","section":"Shading Mode"},"sceneLighting":false,"audioPlay":false,"sceneViewState":{"showFog":true,"showMaterialUpdate":false,"showSkybox":false,"showFlares":true,"showImageEffects":true,"showParticleSystems":true},"in2DMode":false,"pivot":{"x":0.5486000776290894,"y":0.269283652305603,"z":-0.32863306999206545},"rotation":{"x":-0.03394726291298866,"y":0.9650003910064697,"z":-0.15950560569763184,"w":-0.2053789645433426},"size":1.1052806377410889,"orthographic":false}