{"cameraMode":{"drawMode":0,"name":"Shaded","section":"Shading Mode"},"sceneLighting":true,"audioPlay":false,"sceneViewState":{"showFog":true,"showMaterialUpdate":false,"showSkybox":true,"showFlares":true,"showImageEffects":true,"showParticleSystems":true},"in2DMode":false,"pivot":{"x":-0.28287696838378909,"y":-4.862833023071289,"z":2.4067564010620119},"rotation":{"x":-0.3813444972038269,"y":0.293246328830719,"z":-0.12895958125591279,"w":-0.8671569228172302},"size":11.266231536865235,"orthographic":false}