{"cameraMode":{"drawMode":0,"name":"Shaded","section":"Shading Mode"},"sceneLighting":false,"audioPlay":false,"sceneViewState":{"showFog":true,"showMaterialUpdate":false,"showSkybox":false,"showFlares":true,"showImageEffects":true,"showParticleSystems":true},"in2DMode":false,"pivot":{"x":13.854580879211426,"y":-0.7101295590400696,"z":-11.329839706420899},"rotation":{"x":-0.05210167169570923,"y":-0.7545148730278015,"z":0.0603453665971756,"w":-0.651430070400238},"size":8.055333137512207,"orthographic":false}