{"cameraMode":{"drawMode":0,"name":"Shaded","section":"Shading Mode"},"sceneLighting":false,"audioPlay":false,"sceneViewState":{"showFog":true,"showMaterialUpdate":false,"showSkybox":false,"showFlares":true,"showImageEffects":true,"showParticleSystems":true},"in2DMode":false,"pivot":{"x":-0.5994902849197388,"y":-0.06100952997803688,"z":-0.07534632831811905},"rotation":{"x":-0.08350052684545517,"y":0.8688665628433228,"z":-0.15703892707824708,"w":-0.461992472410202},"size":1.3712942600250245,"orthographic":false}