{"cameraMode":{"drawMode":0,"name":"Shaded","section":"Shading Mode"},"sceneLighting":false,"audioPlay":false,"sceneViewState":{"showFog":true,"showMaterialUpdate":false,"showSkybox":false,"showFlares":true,"showImageEffects":true,"showParticleSystems":true},"in2DMode":false,"pivot":{"x":0.3734225034713745,"y":0.03343003988265991,"z":0.421261727809906},"rotation":{"x":0.09226369112730026,"y":0.753668487071991,"z":-0.10836892575025559,"w":0.6416665315628052},"size":3.1316778659820558,"orthographic":false}