{"cameraMode":{"drawMode":0,"name":"Shaded","section":"Shading Mode"},"sceneLighting":true,"audioPlay":false,"sceneViewState":{"showFog":true,"showMaterialUpdate":false,"showSkybox":true,"showFlares":true,"showImageEffects":true,"showParticleSystems":true},"in2DMode":false,"pivot":{"x":-0.14651936292648316,"y":-1.7099307775497437,"z":2.245285987854004},"rotation":{"x":-0.33014288544654848,"y":-0.08282843977212906,"z":0.02909545972943306,"w":-0.9398442506790161},"size":10.896193504333496,"orthographic":false}